SET SERVEROUTPUT ON;


CREATE TABLE Customers (
    CustomerID INT PRIMARY KEY,
    Name VARCHAR2(100),
    DOB DATE,
    Balance INT,
    LastModified DATE,
    IsVIP CHAR(1)
);

CREATE TABLE Accounts (
    AccountID INT PRIMARY KEY,
    CustomerID INT,
    AccountType VARCHAR2(20),
    Balance INT,
    LastModified DATE,
    FOREIGN KEY (CustomerID) REFERENCES Customers(CustomerID)
);

CREATE TABLE Transactions (
    TransactionID INT PRIMARY KEY,
    AccountID INT,
    TransactionDate DATE,
    Amount INT,
    TransactionType VARCHAR2(10),
    FOREIGN KEY (AccountID) REFERENCES Accounts(AccountID)
);

CREATE TABLE Loans (
    LoanID INT PRIMARY KEY,
    CustomerID INT,
    LoanAmount INT,
    InterestRate INT,
    StartDate DATE,
    EndDate DATE,
    FOREIGN KEY (CustomerID) REFERENCES Customers(CustomerID)
);

CREATE TABLE Employees (
    EmployeeID INT PRIMARY KEY,
    Name VARCHAR2(100),
    Position VARCHAR2(50),
    Salary INT,
    Department VARCHAR2(50),
    DepartmentID INT,
    HireDate DATE
);


CREATE TABLE ErrorLogs (
    ErrorID INT PRIMARY KEY,
    ErrorMessage VARCHAR2(255),
    ErrorDate DATE
);



CREATE TABLE AuditLog (
    AuditID INT PRIMARY KEY,
    TransactionID INT,
    TransactionDate DATE,
    AccountID INT,
    Amount INT,
    TransactionType VARCHAR2(10)
);





CREATE SEQUENCE AuditLog_Seq
START WITH 1
INCREMENT BY 1
NOCACHE;







INSERT INTO Customers (CustomerID, Name, DOB, Balance, LastModified)
VALUES (1, 'Sara', TO_DATE('1963-05-15', 'YYYY-MM-DD'), 1000, SYSDATE);

INSERT INTO Customers (CustomerID, Name, DOB, Balance, LastModified)
VALUES (2, 'Nambzz', TO_DATE('1990-07-20', 'YYYY-MM-DD'), 1500, SYSDATE);

INSERT INTO Accounts (AccountID, CustomerID, AccountType, Balance, LastModified)
VALUES (1, 1, 'Savings', 1000, SYSDATE);

INSERT INTO Accounts (AccountID, CustomerID, AccountType, Balance, LastModified)
VALUES (2, 2, 'Checking', 1500, SYSDATE);

INSERT INTO Transactions (TransactionID, AccountID, TransactionDate, Amount, TransactionType)
VALUES (1, 1, SYSDATE, 200, 'Deposit');

INSERT INTO Transactions (TransactionID, AccountID, TransactionDate, Amount, TransactionType)
VALUES (2, 2, SYSDATE, 300, 'Withdrawal');

INSERT INTO Loans (LoanID, CustomerID, LoanAmount, InterestRate, StartDate, EndDate)
VALUES (1, 1, 5000, 5, SYSDATE, ADD_MONTHS(SYSDATE, 60));

INSERT INTO Loans (LoanID, CustomerID, LoanAmount, InterestRate, StartDate, EndDate)
VALUES (2, 2, 10000, 5, SYSDATE, SYSDATE + 25);

INSERT INTO Employees (EmployeeID, Name, Position, Salary, Department, HireDate)
VALUES (1, 'M GUN', 'Manager', 70000, 'HR', TO_DATE('2015-06-15', 'YYYY-MM-DD'));

INSERT INTO Employees (EmployeeID, Name, Position, Salary, Department, HireDate)
VALUES (2, 'Cosmic', 'Developer', 60000, 'IT', TO_DATE('2017-03-20', 'YYYY-MM-DD'));






CREATE OR REPLACE TRIGGER UpdateCustomerLastModified
BEFORE UPDATE ON Customers
FOR EACH ROW
BEGIN
    :NEW.LastModified := SYSDATE;
END;
/
SHOW ERRORS TRIGGER UpdateCustomerLastModified;







CREATE OR REPLACE TRIGGER LogTransaction
AFTER INSERT ON Transactions
FOR EACH ROW
BEGIN
    INSERT INTO AuditLog (AuditID, TransactionID, TransactionDate, AccountID, Amount, TransactionType)
    VALUES (AuditLog_Seq.NEXTVAL, :NEW.TransactionID, :NEW.TransactionDate, :NEW.AccountID, :NEW.Amount, :NEW.TransactionType);
END;
/
SHOW ERRORS TRIGGER LogTransaction;






CREATE OR REPLACE TRIGGER CheckTransactionRules
BEFORE INSERT ON Transactions
FOR EACH ROW
DECLARE
    currentBalance DECIMAL(15,2);
BEGIN
    IF :NEW.TransactionType = 'WITHDRAWAL' THEN
        SELECT Balance INTO currentBalance
        FROM Accounts
        WHERE AccountID = :NEW.AccountID
        FOR UPDATE;
        
        IF :NEW.Amount > currentBalance THEN
            RAISE_APPLICATION_ERROR(-20001, 'Insufficient funds for withdrawal.');
        END IF;
    END IF;
    
    IF :NEW.TransactionType = 'DEPOSIT' THEN
        IF :NEW.Amount <= 0 THEN
            RAISE_APPLICATION_ERROR(-20002, 'Deposit amount must be positive.');
        END IF;
    END IF;
END;
/
SHOW ERRORS TRIGGER CheckTransactionRules;






BEGIN
    UPDATE Customers SET Name = 'John Doe Updated' WHERE CustomerID = 1;
    
    INSERT INTO Transactions (TransactionID, AccountID, TransactionDate, Amount, TransactionType)
    VALUES (3, 1, SYSDATE, 500, 'DEPOSIT');
    
    INSERT INTO Transactions (TransactionID, AccountID, TransactionDate, Amount, TransactionType)
    VALUES (4, 1, SYSDATE, 200, 'WITHDRAWAL');
    
    BEGIN
        INSERT INTO Transactions (TransactionID, AccountID, TransactionDate, Amount, TransactionType)
        VALUES (5, 1, SYSDATE, 2000, 'WITHDRAWAL');
    EXCEPTION
        WHEN OTHERS THEN
            DBMS_OUTPUT.PUT_LINE('before insufficient funds');
            DBMS_OUTPUT.PUT_LINE(SQLERRM);
            DBMS_OUTPUT.PUT_LINE('after insufficient funds');
    END;
    
    BEGIN
        INSERT INTO Transactions (TransactionID, AccountID, TransactionDate, Amount, TransactionType)
        VALUES (6, 1, SYSDATE, -500, 'DEPOSIT');
    EXCEPTION
        WHEN OTHERS THEN
            DBMS_OUTPUT.PUT_LINE('before negative deposit');
            DBMS_OUTPUT.PUT_LINE(SQLERRM);
            DBMS_OUTPUT.PUT_LINE('after negative deposit');
    END;
END;
/